scenario_id,mean_e_lat,rmse_e_lat,max_e_lat,rmse_e_psi,lksr,ldr,settling_s,overshoot_pct,control_effort,steer_rms,ttld_p5,sbvr_pct,iso15622_pass
SCN-01,0.323100,0.475700,1.803400,0.118700,0.907000,42.553200,0.000000,2409.362571,0.212530,0.710178,0.000000,9.297872,False
SCN-02,0.319000,0.475200,1.803400,0.118700,0.906400,42.643900,0.000000,5319.813560,0.212794,0.707972,0.000000,9.360341,False
SCN-03,0.565100,0.769400,1.793000,0.165700,0.679400,124.766100,16.030000,9079.106056,0.301631,1.009555,0.000000,32.064878,False
SCN-04,0.362900,0.532000,1.803400,0.097300,0.870500,41.101500,0.000000,3945.136472,0.166300,0.682491,0.000000,12.946979,False
SCN-05,0.318600,0.473100,1.801500,0.118400,0.907700,42.634800,0.000000,5050.887945,0.212360,0.708080,0.000000,9.230441,False
